Filler words,Generic Power Words ,Sales Power words ,Manager Power Words ,Leadership Power Words,HR Power Words ,Learning Quotient ,Service Quotient 
Really ,I can ,Quota ,expertise,Authorized,communication ,confidence,Thank you
Actually ,I will ,overshoot,learning,Chaired,people person ,describing,Sorry 
very ,respect,target ,improvement,Cultivated,people leader ,education.,Please
like,learn ,achievement ,growth,Delegated,HR business partner,hard-working,Execuse me 
well,learning ,sales leader ,Administrative expert,Directed,business partner , Passion. ,Happy to help
Basically,opportunity ,value,Managing priorities,Enabled,selection,Leadership,welcome
right,experience,advantage,work ethic,Executed,documented,Integrity.,understand
 just,skills,benefit,values,Facilitated,Advised,Positive attitude. ,now
ok,flexible,avoid,Recognize,Fostered,Approved,Coaching. ,best
i mean,Example,proven,learning,Guided,Authorized,interpersonal skills,somthing
you know?,Enthusiastic,safe,improvement,Headed,Chaired,Communication,anything
so,Interested,results,professional growth,Hosted,Consolidated,team-oriented,willing
totally,Motivated,improved,inspire ,Inspired,Counseled,in-person conversations,great
exactly,Coordinate,first,Policy enforcement,Mentored,Delegated,understand ,free
absolutely,Detail-oriented,successful,Evaluation,Mobilized,Developed,critical information,appreciate
you see,Effective,premium,Training,Operated,determined,build connections,get back
literally,Efficient,risk-free,Motivation,Orchestrated,Diagnosed,trust,feedback
sure,Maintained,objective,Communication,Oversaw,Directed,Dedication,find out
moreover,Innovative,pitch,Daily operations,Spear­headed,Disseminated,loyalty,check
besides,Communication,innovating,Scheduling,Trained,Enforcced,career role,apologize
however,Confident,cutting-edge,Staffing,Self-Confidence,Ensured,passion,update
despite,Friendly,prospect,Goal setting,omnipotence,Examined,positive attitude. ,immediately
while,Active listening,competitor,Administration,desire,Governed,Punctuality,today
especially,Open-mindedness,competition,Advertising ,Commitment,Guided,extensive,bonus
which,Nonverbal communication,trial,Marketing,Integrity,Headed,experience,Deadline
that,Clarity,goal,Delegation,Honesty,Influenced,willing ,exclusive
kind of,Concision,opportunity,Coaching,reliability,Initiated,training,discount
truely,Empathy,exclusive,Decision making,Optimism,Inspired,goal-orientated,possible
about,Respect,help,Focus,Effective,Insatlled,strengthen ,as soon as
essentialy,Interpersonal skills,easy,ruthless attention,succinctly,Instituted,qualities,last chance
almost,Writing skills,deadline,Honesty,Communication,Instructed,productivity,special
yet,Verbal skills,secure,Accountability,organizational goals,Integrated,work ,time
seriously,Initiative,change,team members,departmental,Launced,together,save
Yes,Deliver,action,accountable,departmental,Lectured,Confident,rules
No,Accelerate,lead,inspires,team members,Listened,believe ,services
Maybe,Accomplish,worth,Emotional Intelligence,steady flow,managed,abilities,deal
Give,Negotiate,knowledge,understanding,Leaders,Mediated,manage tasks,affordable
Take,Resolve,increase,personal Growth,Active listening,Mentored,convince ,absolutely
Therefore,Develop,decrease,work for better,Articulating,Moderated,Listening,positive
with,Supervise,special,impact,Business storytelling,Monitored,improve ,enjoy
for,Collaboration,grow,compassion,Clarity,Motivated,skills,definitely
team,Emotional intelligence,focus,affecting,Concision,Negotiated,Adapting,highly
program,Persuade,alert,overall quality,Correspondence,Originated,Reliability,recommend
course,Influence,bargain,Positivity,Editing,Oversaw,Consistently ,interesting
under,Cooperation,buy,positive attitude ,Explaining,Pioneered,meeting,suggestions
led,Flexibility,deals,projects,Expression,Presided,deadlines,agree
feature,Tolerance,deliver,done,Facilitating,Prioritized,Producing ,friendly
department,Trustworthy,follow,excited,Nonverbal communication,Processed,high-quality ,options
increase,Priority,inventory,prospect ,group conversations,Promoted,eagerness,ideal
decrease,Passionate,inquire,unique solutions,Nonverbal communication,Recommended,significant,found
highly,Driven,money,New solutions,Presentation,Redirected,responsibilities,feel
simply,Energized,offers,deadline,Public speaking,Referred,initiative,essential
most,Provide,notice,employees,Verbal communication,Reorganized,needed,impressive
somehow,Responsible,quantity,greatness,Reducing ambiguity,Represented,requirement,details
slightly,Results-oriented,quality,understand ,Written communication,Responded,work settings,brilliant
sort of,Organized,pay-day,company culture,Motivation,Reviewed,collaboration,solution
now,Prepared,reward,team ,inspired,Revitalized,excellent,resolved
all of,Honest,ranked,products,organizations,Routed,communication skills,receive
hopefully,Team player,trending,services,inspiration ,Sponsored,patience,better
possibly,Committed ,limited,invest ,build,Streamiled,tolerance,value
quite,Accountable,fast,energy,self-esteem,Strengthened,dedication,delay
fairly,Flexible,endorsed,unique,recognition ,Supervised,demonstrating,variety
relatively,Positive,reliable,qualities,rewards,taught,strong,wonderful
probably,Open-minded,success,business,responsibilities,Trained,teamwork,requirements
reaction,Adaptable,backed,offer,increase,Validated,desirable skills,contact
area,Conflict resolution,lifetime,better,investment,Addressed,crucial,frustrating
situation,Open communication,dependable,Approachability,productivity,Arranged,ensuring,problem
aspect,Quick learner,launched,intents,passion,Assessed,Reliable,attention
entirely,Accountability,educate,purposes,encourage,Authored,responsible,assure
accordingly,Problem-solving,catalogued,guidance,Skills,Briefed,Committed,certainly
seems,Solution-oriented,consulted,direction,motivation ,Built,Supportive ,pretty well
only,Resilient,documented,gruff,autonomy,Clarified,respectful,pleasure
even,improved,order,dismissive,Assessing ,Composed,coworkers,assistance
clearly,Researched,set goals,approachable,Convincing,Conducted,adaptability,delighted
feel,Aligned ,sold,goodwill,Mentoring,Corresponded,Enthusiastic,please
felt,Connected ,negotiated,loyalty ,employee concerns,Edited,Interested,information
though,Matched ,marketed,devote,Persuasive,Enabled,Motivated,correct
then,Networked,judged,reassure,challenging work,Facliliated,Coordinate,issues
still,ensured,identified,customers,Providing rewards,Interviewed,Detail-oriented,mistake
sudden,Empathic ,stimulated,clients,effective goals,Interpreted,Effective,online
rather,Attentive,surveyed,wellbeing,Team-building,Launched,Efficient,facilities
perhaps,Feedback,proposed,work together,Delegating,Performed,Maintained,terms
back,Systematic,promoted,Patience,strong leader,Planned,Innovative,offers
down,Strategic,performed,skill,assign duties,Presented,Communication,onboard
little,Creative,served,circumstances,focus,Produced,Confident,managment
bit,Energetic,summerized,Flexibility,Allotting ,Projected,Friendly,earlybird
lot,Observant,purchased,management techniques ,resources ,Realized,Active listening,market
here,Cooperative,redused,sympathy,strengths ,Recruited,Open-mindedness,limited
there,Patient,routed,unfortunate events,Assessing ,Remodeled,Nonverbal communication,estimate
Sometimes,Optimistic,implement,vital,expectations,Reported,Clarity,opening
People,Hard-working,influence,interactions,Defining,Scheduled,Concision,completely
Ready,Proactive,interpreted,subside,Evaluating,Screened,Empathy,payment
Job,Problem solver,installed,productivity,Identifying,Shaped,Respect,mode
Top,Applied,guided,cohesion,outcomes,Summarized,Cooperation,method
Bottom,Assisted,maintain,empathize ,Matching,Translated,Flexibility,aftersales
End,Arranged,dealt,sympathize,right employee,Wrote,Tolerance,passed
Creating,Advised,reviewed,Integrity,Prioritizing tasks,Supported,Trustworthy,communicated
Without,completed,mediated,principles ,Setting expectations,Assisted,Priority,team
But,conducted,Account,moral principles,Time management,Policy,Passionate,conversation
Higher,constructed,B2B,business culture,Teamwork,HRS,Driven,customer
Umm,consult,B2C,cooperation,Trust,HRM,Energized,inconvenience
Listen,created,cross-selling,accountability,positivity,Payroll,Provide,unfortunetly
Repeat,brought,up-selling,Striving,positive attitude,Salary,Responsible,condition
Go,dealt,call for proposal,excellence,office,Incentive,Results-oriented,recognize
Meant,delegated,client,fundamentally ,positive atmosphere,Departments,Organized,request
Might ,discovered,CRM,adherence ,raise morale,Product based,Prepared,computed
Due to,encouraged,cold-calling,truthfulness,Conflict management,oversee,dismissive,registered
In terms ,established,call-emailing,operation ,Developing rapport,Talent Acquisition,approachable,complications
In fact ,explored,incentive,critical ,Diplomacy,Human capital,goodwill,essential
Whatever,facilitated,commision,delegate tasks,Empathetic,Management,loyalty ,expert
Think,formulate,direct sales,brevity,encouraging,Retention,devote,connect
Pretty,guide,discount,clarity,Friendliness,responsible,reassure,Quickly
Much,handle,equity,succinct,Helping,accountable,customers,situation
Stuff,implemented,gross margin,Good Judgment,Humor,Learning and Development,clients,difficult
To be honest,performed,inbound,synthesizing,Interpersonal,Diversity and inclusion,resoponsible,rest-assured
Commonly,pioneered,outbound,information,reinforcement,Compensation,evaluate,helpful
Accept,reviewed,traget,experience,Respect,Benefits,identified,alert
Certainly,selected,referral,hard skills,Social,Job analysis,Focused,prefer
Alright,screened,procurement,soft skill,Positive reinforcement,Onboarding,Multitask,preferance
Ahh,resoponsible,profit,opinion,apologize,Talent development,eager,investigate
In order,evaluate,loss,objectively,Ability,Training and development,Ambitious,back
I think,identified,average,authoritatively,Accountability,Performance,reliable,for you
Yeah,Focused,networking,wisely,Business ethics,appraisal,thorough,valuable
Hmm,Multitask,margin,judgment,Confidentiality,authorisation,practical,hesitate
again,eager,KPI,intuition,Conscientious,evaluate,resourceful,answer
another,Ambitious,forcasting,sensory signals,Consistent,incentive,dedicated,improve
similarly,reliable,inside sales,byproduct ,behavior,resume,persistent,rewards
also,thorough,field sales,unconscious mind,Credibility,networking,self-motivated,charge
initially,practical,stress,logically ,Emotional intelligence,reviewed,accountable,price
later,resourceful,product sale,conscious decision,Empathy,promotion,listener,fair
eventually,dedicated,demonstrate,relying,Honesty,orientation,empathy,traffic
thus,persistent,service,ability ,Integrity,grievences,updated,demand
unless,self-motivated,audit,neglect,Moral compass,attrition,earned,order
and,accountable,customer support,team meeting ,Reliability,remuneration,awarded,lucky
involves,listener,engagement,interrupting,Respectfulness,vacancy,planned,opportunity
believe,empathy,data entry,Formulate,coworkers’ ,candidate,trained,splendid
likewise,updated,closed,conveyed,predict,Confidential,monitor,honour
plus,earned,baseline,listen-and-respond,tough calls,resign,instructed,chance
along,awarded,ROI,Competence,Leaders,design,mentor,simple
firstly,planned,demand generation,effectively,path ,leadership,analyzed,procedure
secondly,trained,dashboard,organized,imperfect,engagement,expertise,knowledge
finally,monitor,Sales force,scheduling ,operations,train,learning,comfortable
mainly,instructed,analyse,Sisyphean,best option,time management,improvement,change
instead,mentor,business,automates,elimination,alert,growth,fresh
hence,analyzed,security,simplifies,reduction,outsource,Administrative expert,satisfaction
until,audit,filter,streamlines,cutting costs,handle,Managing priorities,clarity
because,survey,featured,Management Tool,balance act,establish,work ethic,confidential
generally,compilied,training,intuitive,guided,coordinate,values,speedy
nowadays,designed,excel,proficient,maintain,connect,Recognize,available
whereas,mediated,demat,encouraging,dealt,brainstorm,learning,verify
additionally,well-versed,trading,interpersonal skills,reviewed,generate,improvement,records
subsequently,learn,customer,performance management,mediated,followed-up,professional growth,refund
for instence,valuable,strategy,teammates,Clarified,follow through,inspire ,policy
apart from,proficient,turnover,Interact,Composed,overcame,Policy enforcement,cancel
altogether,diligent,supply,Research,Conducted,prepared,Evaluation,bona fide
of course,analytical,innovation,Listening,Corresponded,procurred,Training,privacy
surely,synergy,positive,Flexiblity,Researched,qualified,Motivation,strong
definately,unique,revenue,technical Abilities,Aligned ,recorganised,Communication,benefits
otherwise,Assertive,variale,encourage,Connected ,redesigned,Daily operations,extremely
nevertheless,Approachable,e-commerce,ongoing trend,Matched ,resolved,Scheduling,assisstance
although,balanced,enterprise,manager’s armory,Networked,upgraded,workplace,satisfied
regardless,curious,ERP,Transparency,ensured,installed,advertising,excellent
contrast,easygoing,workplace,patronize,Empathic ,formed,payment,can do
other,energetic,advertising,sugarcoating,Attentive,eliminated,performance,ensure
except,independent,payment,regular contact,Goal setting,implemented,plan,instead
support,risk-taker,performance,frequent feedback,Administration,achieved,Assessing ,reason
perfect,inspiring,plan,Recognization,Advertising ,allocated,expectations,critical
see,knowledge,SaaS,chat applications,Marketing,administered,Defining,friendly
in order,logical,contract,regular cadence,Delegation,framework,Evaluating,loyalty
completely,open-mind,distribution,insights,Coaching,redefined,Identifying,potential
kinda,perceptive,SQL,readily,Persuade,tailored,outcomes,support
mostly,self-reliant,tenor,valuable feedback,Influence,satisfied,Matching,experience
against,Sensible,startup,Appreciating,Cooperation,solved,right employee,expectation
i know,Sensitive,unique,Encouraging Teamwork,stretegic goals,lead,Prioritizing tasks,client
example,Sincere,buyer,support,technical skills,collaborated,Setting expectations,consider
alternatively,straightforward,projection,collaboration,performance,enhanced,Time management,consult
in spite,tolerent,surplus,opportunities,qualification skills,created,Teamwork,survey
curcumstances,versatile,optimization,toxic behavior,Persuasion,designed,Trust,guarantee
said,caring,quater,Avoid,navigate,executed,positivity,helpdesk
else,devoted,pro-rata,unhealthy competition,brainstorm,excelled,positive attitude,Agent
oh,insightful,point of contact,complement,efficiency,explain,office,Avail
seemed,Methodical,challenge,approach,Good Communication Skills,adapt,positive atmosphere,Visit
simple,Meticulous,assessment,stacked ranking,Social Responsibility,assemble,raise morale,happy
a little,Objective,research,Consistency,Leadership,campaign,Independence,processing
those,Persevering,unit,Reliability,Formal Authority,coach,Resourcefulness,registration
able,Persuasive,compare,Trustworthiness,Patience,collect,critique,successful
start,loyal,fiscal year,confidentiality,Integrity,assure,Influential,exactly
suddenly,humble,advise,Goals,Quick Decisions,contribute,reliability ,exciting
begin,Visionary,surge,Determine,Sympathetic Attitude,draft,proficient,receipt
got-it,Broad-minded,management,analysis paralysis,time management,encourage,encouraging,technical
currently,direct,engage,Responsiblity,essential traits ,formulate,interpersonal skills,data
things,courageous,reinforce,amicably,withdrawing,hire,performance management,outsource
drop,Generous,attention,Willing,escalate,illustrate,teammates,biling
not,Genuine,introduce,Rewarding,workplace conflicts,measure,Interact,Representative
already,intuitive,convince,aligned,potential reactions,order,Research,standards
something,modest,assure,willingness,predict,participate,Listening,world class
actually,outgoing,assess,stagnate,circumstances,regulate,Flexiblity,wait time
high,understanding,dynamic,Conflict Resolution,creative thinking ,restructure,technical Abilities,customize
reasonable,Competitiveness,percentage,Conflict Avoidance,Negotiating,secure,encourage,mission
slight,consistent,partnership,Empowering ,Improvising,conflict resolution,ongoing trend,accomodate
suppose,Acknowledged,post-sales,motivates,Adaptability,sponsership,team’s strengths ,dispatch
turn,Assimilated,product lifecycle,empower,strengths,executive,constructive way,follow up
,Blended,channel management,simply recognizing,Work ethic,industrial relations,promote ,rating
,Coalesced,sales cycle,Adopting,Team player,budgeting,expresses ,features
,Collaborated,product development,implementing ,Professionalism,merger,crucial,additional
,Contributed,RFP,adjustments,Perseverance,acquisition,Self-awareness,complemantory
,Diversified,bid preparation,relationships,Passion,manpower,emotional intelligence,sessions
,Embraced,strategic alliance,ensure productivity,professional development,accommodate,Recognizing problems,inform
,Encouraged,budgeting,inspire employees,Determination,authorize,traditional parameters,product
,Gathered,salesman,consequences,Troubleshooting,circulate,strong critical,undergo
,Harmonized,estimate,engagement,Resolving problems,compile,capabilities,achieve
,Ignited,restore,open communication,Resolving problems,estimate,preferences,appointment
,Joined,scheduled,Transparent communication,Reflectiveness,discuss,Transparency,thoughtful
,Melded,traded,authentic communication,Project planning,incorporate,company’s culture,consideration
,Merged,include,employee feedback,Forecasting,interface,success,personally
,Participated,price,satisfaction,best solutions,sign,work progress.,assist
,Partnered,convert,employee turnover,Evaluating,stimulate,ethical ,currently
,United,trend,Empathy,customer feedback,streamlined,demonstrate,availability
,Volunteered,emerging,emotional intelligence,mistakes,transcribe,day-to-day operations,encourage
,Authorized,hidden,profit growth,Acknowledging,troubleshoot,managerial staff,
,Chaired,inside,offering support,convey,verify,counseling,
,Cultivated,simple,agile,specific advice,sourcing,positive morale,
,Delegated,results,minimal supervision,employees’ responses,applicant,more productive,
,Directed,proven,actionable,Following up,tracking,Reduces turnover,
,Enabled,value,High-performing,Frequent feedback,Volunteered,effective interactions,
,Executed,image,unleashing,Coaching,Accomplished,Ambitious,
,Facilitated,brand image,Delegation,laying out,Acquired,Autonomous,
,Fostered,spcifications,Administrative,confidence,Achieved,appreciation ,
,Guided,terms,consistent ownership,feedback,Acted As,substantially,
,Headed,yearly,heavy workload,Vision,Completed,perspectives,
,Hosted,dedication,handle,Synthesizing,Created,Detail oriented,
,Inspired,data,handle rejection,Sound judgment,Executed,accurate,
,Mentored,logistics,disciplinary,Problem solving,Finished,Inquisitive,
,Mobilized,portfolio,critical,Open-mindedness,Forged,Marketable,
,Operated,gross,frustration,Observation,Made,Organized,
,Orchestrated,workforce,Optimism,abstract,Navigated,varied tasks,
,Oversaw,salesforce,infuse,Listening,Operated,Cultivated,
,Spear­headed,selling,Corporation,Innovative,Partnered,Delegated,
,Trained,marketing,Entrepreneurial Quality ,Imaginative,Prepared,Directed,
,In Charge Of,organization,Intellectual Curiosity,Identifying patterns,Secured,Enabled,
,Excellent,idea,Self-Propulsion,Foresight,Succeeded In,Executed,
,Go Getter,development,Persistence,cultural perspectives,Undertook,Facilitated,
,Hard Worker,project,Broad Vision,Embracing,Aligned,Fostered,
,Strategic Thinker,door-to-door,Dynamic Personality,Curiosity,Cultivated,Guided,
,Outside the Box,time,Emotional Stability,Critical thinking,Facilitated,understanding,
,Responsible For,prospects,Good Identifier ,Conceptualization,Fostered,Competitiveness,
,Expert,evaluation,Capable Assignor,flexibility,Hired,consistent,
,Specialized In,sample,argumentation,Cognitive ,Mobilized,Acknowledged,
,Synergized,solution,alertness,Analytical,Regulated,Assimilated,
,Go To,visibility,jeopardising,unsolvable ,Taught,Blended,
,Results-driven,analytic,accommodating,nontraditional,United,Coalesced,
,Team Player,statistics,firm determination,decisions,Volunteered,Collaborated,
,Detail Oriented,enable,acceptability,Thoughtful,Authorized,Contributed,
,,,,,,Diversified,
,,,,,,Embraced,
,,,,,,Encouraged,
,,,,,,Gathered,
,,,,,,Harmonized,
,,,,,,Ignited,